sample_id,aneuploidy_score,fga
P-0000057-T01-IM3,0.804878049,0.965865023
P-0000062-T01-IM3,0.536585366,0.649417693
P-0000063-T01-IM3,0.43902439,0.669730187
P-0000071-T01-IM3,0.195121951,0.240711738
P-0000082-T01-IM3,0.463414634,0.494979494
P-0000088-T01-IM3,0.365853659,0.413652323
P-0000103-T01-IM3,0.512195122,0.527991616
P-0000121-T01-IM3,0.243902439,0.220580808
P-0000165-T01-IM3,0.634146341,0.655018965
P-0000184-T01-IM3,0.463414634,0.404249049
P-0000205-T01-IM3,0.634146341,0.7131192
P-0000208-T01-IM3,0.243902439,0.274192756
P-0000222-T01-IM3,0.268292683,0.246219918
P-0000223-T01-IM3,0.341463415,0.52963289
P-0000227-T01-IM3,0.097560976,0.065989477
P-0000235-T01-IM3,0.390243902,0.389459124
P-0000247-T01-IM3,0.146341463,0.212203422
P-0000249-T02-IM3,0.365853659,0.455041262
P-0000268-T01-IM3,0.048780488,0.08344666
P-0000277-T01-IM3,0.292682927,0.321980757
P-0000302-T01-IM3,0,5.03E-06
P-0000350-T01-IM3,0.317073171,0.252304116
P-0000363-T01-IM3,0.414634146,0.507493324
P-0000369-T01-IM3,0,0.009416802
P-0000392-T01-IM3,0.024390244,0.028360748
P-0000422-T01-IM3,0.707317073,0.738321763
P-0000423-T01-IM3,0.634146341,0.519731415
P-0000444-T01-IM3,0.512195122,0.614654648
P-0000447-T01-IM3,0.829268293,0.894672714
P-0000454-T01-IM3,0.146341463,0.182158139
P-0000458-T01-IM3,0.170731707,0.120744327
P-0000535-T01-IM3,0.43902439,0.461218484
P-0000544-T01-IM3,0,6.21E-04
P-0000547-T01-IM3,0.390243902,0.374036397
P-0000553-T01-IM3,0.609756098,0.713880168
P-0000563-T01-IM3,0.365853659,0.402723327
P-0000596-T01-IM3,0.512195122,0.571814052
P-0000604-T01-IM3,0.073170732,0.073949978
P-0000621-T01-IM3,0.292682927,0.287890482
P-0000628-T01-IM3,0.707317073,0.726057464
P-0000638-T01-IM3,0.048780488,0.025262215
P-0000646-T02-IM3,0.512195122,0.485884301
P-0000670-T01-IM3,0.048780488,0.039061905
P-0000681-T01-IM3,0.390243902,0.348903244
P-0000682-T01-IM3,0.12195122,0.15858292
P-0000686-T01-IM3,0.585365854,0.722639624
P-0000697-T01-IM3,0.463414634,0.611235062
P-0000699-T01-IM3,0.512195122,0.555161694
P-0000702-T01-IM3,0.268292683,0.244173505
P-0000704-T01-IM3,0.292682927,0.45744223
P-0000721-T01-IM3,0.536585366,0.56031031
P-0000731-T01-IM3,0.609756098,0.689522367
P-0000739-T01-IM3,0.682926829,0.729716537
P-0000740-T01-IM3,0.951219512,0.947480599
P-0000746-T01-IM3,0.268292683,0.350082357
P-0000749-T01-IM3,0.463414634,0.567488024
P-0000758-T01-IM3,0.43902439,0.39174001
P-0000762-T01-IM3,0.536585366,0.48543586
P-0000768-T01-IM3,0.682926829,0.610608437
P-0000793-T02-IM5,0.536585366,0.56259633
P-0000818-T01-IM3,0.804878049,0.853456375
P-0000867-T01-IM3,0.487804878,0.571189176
P-0000872-T01-IM3,0.097560976,0.11461837
P-0000880-T01-IM3,0.024390244,0.025652367
P-0000891-T01-IM3,0.317073171,0.26996238
P-0000893-T01-IM3,0.731707317,0.645510176
P-0000894-T01-IM3,0.463414634,0.488137364
P-0000895-T01-IM3,0.585365854,0.647117645
P-0000898-T01-IM3,0.243902439,0.233186367
P-0000922-T01-IM3,0.292682927,0.319455099
P-0000938-T01-IM3,0.268292683,0.267910416
P-0000940-T01-IM3,0.341463415,0.32715539
P-0000958-T01-IM3,0.56097561,0.58474763
P-0000968-T01-IM3,0.365853659,0.359103131
P-0000977-T01-IM3,0.317073171,0.385860475
P-0000978-T01-IM3,0.024390244,0.01210513
P-0001029-T01-IM3,0.658536585,0.958736552
P-0001052-T01-IM3,0.195121951,0.226069872
P-0001074-T01-IM3,0.317073171,0.37406071
P-0001081-T01-IM3,0.609756098,0.670774482
P-0001093-T01-IM3,0.170731707,0.188773057
P-0001121-T01-IM3,0.87804878,0.888855918
P-0001135-T02-IM3,0.073170732,0.116452389
P-0001144-T01-IM3,0.536585366,0.613352481
P-0001170-T01-IM3,0.463414634,0.441177981
P-0001171-T01-IM3,0.707317073,0.778953928
P-0001174-T01-IM3,0.707317073,0.794081097
P-0001179-T01-IM3,0.195121951,0.377911639
P-0001186-T01-IM3,0.292682927,0.299817644
P-0001199-T01-IM3,0.512195122,0.573022137
P-0001223-T01-IM3,0.073170732,0.083166155
P-0001232-T01-IM3,0.170731707,0.195654317
P-0001260-T01-IM3,0.097560976,0.115273
P-0001268-T01-IM3,0.707317073,0.791191708
P-0001296-T01-IM3,0.56097561,0.627407708
P-0001298-T01-IM3,0.12195122,0.177270762
P-0001312-T01-IM3,0.609756098,0.678994716
P-0001314-T01-IM3,0.536585366,0.723926391
P-0001361-T01-IM3,0.682926829,0.679997062
P-0001365-T01-IM3,0.853658537,0.895033315
P-0001371-T01-IM3,0,0.002729539
P-0001385-T01-IM3,0.146341463,0.147232387
P-0001388-T01-IM3,0.268292683,0.242726388
P-0001400-T01-IM3,0.268292683,0.261001417
P-0001406-T01-IM3,0.268292683,0.317096078
P-0001408-T01-IM3,0.243902439,0.239066686
P-0001420-T01-IM3,0.634146341,0.718431
P-0001437-T01-IM3,0.097560976,0.077863435
P-0001485-T01-IM3,0.146341463,0.166494155
P-0001495-T01-IM3,0.512195122,0.613793329
P-0001531-T01-IM3,0.43902439,0.381736043
P-0001538-T01-IM3,0.463414634,0.377610494
P-0001543-T01-IM3,0.487804878,0.489012407
P-0001560-T01-IM3,0.731707317,0.791555715
P-0001578-T01-IM3,0.43902439,0.52819809
P-0001586-T02-IM5,0.56097561,0.590649072
P-0001591-T01-IM3,0.341463415,0.332914533
P-0001598-T01-IM3,0.073170732,0.085088629
P-0001603-T01-IM3,0.536585366,0.644129493
P-0001621-T01-IM3,0.219512195,0.215537741
P-0001633-T01-IM3,0.243902439,0.262993464
P-0001646-T01-IM3,0.12195122,0.121052039
P-0001665-T01-IM3,0.219512195,0.221228229
P-0001669-T01-IM3,0.243902439,0.300895169
P-0001679-T01-IM3,0.292682927,0.441009865
P-0001693-T02-IM3,0.268292683,0.282590871
P-0001702-T01-IM3,0.097560976,0.125020033
P-0001706-T01-IM3,0.268292683,0.501856707
P-0001710-T01-IM3,0.707317073,0.752677444
P-0001731-T01-IM3,0.56097561,0.649572146
P-0001733-T01-IM3,0.585365854,0.54293328
P-0001738-T01-IM3,0.56097561,0.602247146
P-0001756-T01-IM3,0.292682927,0.436557653
P-0001771-T01-IM3,0.463414634,0.468037726
P-0001785-T02-IM3,0.609756098,0.724659464
P-0001794-T01-IM3,0.609756098,0.699448041
P-0001807-T01-IM3,0.731707317,0.770751206
P-0001808-T01-IM3,0.146341463,0.118149337
P-0001832-T01-IM3,0.682926829,0.799920746
P-0001836-T01-IM3,0.43902439,0.505942305
P-0001841-T01-IM3,0.463414634,0.608024725
P-0001843-T01-IM3,0.365853659,0.466585436
P-0001850-T01-IM3,0.390243902,0.397553252
P-0001855-T01-IM3,0.414634146,0.327993885
P-0001867-T01-IM3,0.829268293,0.938122257
P-0001871-T01-IM3,0.12195122,0.142261893
P-0001882-T01-IM3,0.707317073,0.74893752
P-0001892-T01-IM3,0.365853659,0.424049108
P-0001904-T01-IM3,0.097560976,0.107862373
P-0001955-T01-IM3,0.658536585,0.858885496
P-0001977-T01-IM3,0.341463415,0.28199603
P-0002015-T01-IM3,0.365853659,0.35287081
P-0002018-T01-IM3,0.975609756,0.991122961
P-0002019-T01-IM3,0.390243902,0.298853478
P-0002028-T01-IM3,0.43902439,0.539640958
P-0002041-T01-IM3,0.12195122,0.147472664
P-0002042-T01-IM3,0.634146341,0.682496038
P-0002049-T01-IM3,0.268292683,0.241636353
P-0002151-T01-IM3,0.317073171,0.301699674
P-0002157-T01-IM3,0.390243902,0.442776613
P-0002160-T01-IM3,0.341463415,0.375896554
P-0002165-T01-IM3,0.56097561,0.650823026
P-0002181-T01-IM3,0.43902439,0.43384919
P-0002182-T01-IM3,0.634146341,0.619914853
P-0002185-T01-IM3,0.146341463,0.164465989
P-0002193-T01-IM3,0.243902439,0.231323789
P-0002225-T01-IM3,0.634146341,0.665987491
P-0002247-T01-IM3,0.219512195,0.246648055
P-0002255-T01-IM3,0.268292683,0.338632285
P-0002265-T01-IM3,0.536585366,0.515703992
P-0002270-T01-IM3,0.707317073,0.830726702
P-0002279-T01-IM3,0.243902439,0.307030389
P-0002292-T01-IM3,0.658536585,0.710784397
P-0002295-T01-IM3,0.317073171,0.368761187
P-0002305-T01-IM3,0.414634146,0.380107317
P-0002311-T01-IM3,0.219512195,0.22033143
P-0002320-T01-IM3,0.292682927,0.332620632
P-0002332-T01-IM3,0.585365854,0.669289421
P-0002351-T01-IM3,0.268292683,0.254047618
P-0002353-T01-IM3,0.56097561,0.659053827
P-0002380-T01-IM3,0.585365854,0.582169745
P-0002386-T01-IM3,0.463414634,0.537051436
P-0002392-T01-IM3,0.512195122,0.547768673
P-0002404-T01-IM3,0.585365854,0.618762197
P-0002418-T01-IM3,0.43902439,0.41559485
P-0002422-T01-IM3,0.536585366,0.711089524
P-0002429-T01-IM3,0.463414634,0.508257344
P-0002444-T01-IM3,0.585365854,0.5460499
P-0002452-T01-IM3,0.56097561,0.651613115
P-0002456-T01-IM3,0.658536585,0.704683903
P-0002465-T01-IM3,0.243902439,0.557081893
P-0002469-T01-IM3,0.292682927,0.312433855
P-0002472-T01-IM3,0.292682927,0.521385027
P-0002483-T01-IM3,0.487804878,0.466200929
P-0002485-T01-IM3,0.146341463,0.155116429
P-0002490-T01-IM3,0.195121951,0.231495014
P-0002504-T01-IM3,0.756097561,0.829092901
P-0002507-T01-IM3,0.341463415,0.456709168
P-0002517-T01-IM3,0.146341463,0.278914608
P-0002546-T01-IM3,0.195121951,0.172683337
P-0002551-T01-IM3,0.536585366,0.595050885
P-0002559-T01-IM3,0.365853659,0.413212387
P-0002568-T01-IM3,0,0.001262835
P-0002575-T01-IM3,0.585365854,0.803166961
P-0002576-T02-IM5,0.731707317,0.798664222
P-0002603-T01-IM3,0,4.04E-05
P-0002614-T01-IM3,0.609756098,0.767805657
P-0002615-T01-IM3,0.43902439,0.47270888
P-0002620-T01-IM3,0.048780488,0.083156414
P-0002626-T01-IM3,0.317073171,0.336642167
P-0002633-T01-IM3,0.609756098,0.534419453
P-0002637-T01-IM3,0.658536585,0.636379556
P-0002639-T01-IM3,0.243902439,0.234278071
P-0002646-T01-IM3,0.414634146,0.32409626
P-0002647-T01-IM3,0.073170732,0.111003218
P-0002653-T01-IM3,0.048780488,0.023568997
P-0002668-T01-IM3,0.731707317,0.869340663
P-0002706-T01-IM3,0.243902439,0.312786072
P-0002715-T01-IM3,0.097560976,0.118728405
P-0002730-T01-IM3,0.414634146,0.386125826
P-0002731-T02-IM5,0.658536585,0.752514403
P-0002738-T01-IM3,0.463414634,0.503149748
P-0002745-T01-IM3,0.12195122,0.190932238
P-0002748-T02-IM5,0.682926829,0.754703064
P-0002751-T01-IM3,0.097560976,0.107444341
P-0002758-T01-IM3,0.487804878,0.626156354
P-0002765-T01-IM3,0.073170732,0.163602554
P-0002766-T01-IM3,0.170731707,0.175782631
P-0002787-T01-IM3,0.390243902,0.414570816
P-0002789-T01-IM3,0.341463415,0.356602054
P-0002792-T01-IM3,0.390243902,0.380543638
P-0002794-T01-IM3,0.048780488,0.052229475
P-0002806-T01-IM3,0.219512195,0.266122441
P-0002818-T01-IM3,0.43902439,0.492180154
P-0002820-T01-IM3,0.390243902,0.334687161
P-0002826-T01-IM3,0.56097561,0.630625346
P-0002836-T01-IM3,0.170731707,0.183528714
P-0002855-T01-IM3,0.365853659,0.298029729
P-0002864-T01-IM3,0.195121951,0.16105979
P-0002874-T01-IM3,0.756097561,0.819880887
P-0002890-T01-IM3,0.268292683,0.337670213
P-0002905-T01-IM3,0.463414634,0.490941258
P-0002914-T01-IM3,0.634146341,0.726063934
P-0002917-T01-IM3,0.317073171,0.403932674
P-0002921-T01-IM3,0.390243902,0.406436835
P-0002939-T01-IM3,0.024390244,0.045374586
P-0002940-T01-IM3,0.219512195,0.190325873
P-0002941-T01-IM3,0,5.50E-06
P-0002965-T01-IM3,0.219512195,0.330988673
P-0002969-T01-IM3,0.365853659,0.368048756
P-0002976-T01-IM3,0.756097561,0.88138315
P-0002981-T01-IM3,0,0.019100969
P-0002993-T01-IM3,0.658536585,0.773329148
P-0003000-T01-IM3,0.195121951,0.151064296
P-0003003-T01-IM3,0.87804878,0.947255257
P-0003009-T01-IM3,0.365853659,0.335479651
P-0003024-T01-IM3,0.048780488,0.054275842
P-0003034-T01-IM5,0.512195122,0.598162537
P-0003051-T01-IM5,0.463414634,0.601564721
P-0003059-T01-IM5,0.097560976,0.102399039
P-0003069-T01-IM5,0.487804878,0.508840479
P-0003097-T01-IM5,0.170731707,0.20717795
P-0003117-T01-IM5,0.512195122,0.460238444
P-0003119-T01-IM5,0.195121951,0.221242859
P-0003131-T01-IM5,0.487804878,0.563698111
P-0003132-T01-IM5,0.268292683,0.294066364
P-0003157-T01-IM5,0,0.001815412
P-0003197-T01-IM5,0.097560976,0.094748599
P-0003224-T01-IM5,0.243902439,0.230199232
P-0003225-T01-IM5,0.365853659,0.417818556
P-0003229-T01-IM5,0.195121951,0.139022245
P-0003241-T01-IM5,0.463414634,0.590260323
P-0003255-T01-IM5,0.634146341,0.688260164
P-0003265-T01-IM5,0.292682927,0.353543897
P-0003272-T01-IM5,0.097560976,0.10914238
P-0003273-T01-IM5,0.292682927,0.342028622
P-0003275-T01-IM5,0,0.009501139
P-0003278-T01-IM5,0.609756098,0.737156506
P-0003283-T01-IM5,0.365853659,0.424425065
P-0003285-T01-IM5,0.219512195,0.274054701
P-0003319-T01-IM5,0.073170732,0.090973066
P-0003322-T01-IM5,0.097560976,0.103492556
P-0003347-T01-IM5,0.731707317,0.91597206
P-0003350-T01-IM5,0.341463415,0.276400873
P-0003359-T01-IM5,0.414634146,0.506910113
P-0003360-T01-IM5,0.829268293,0.903653538
P-0003365-T01-IM5,0.146341463,0.067232294
P-0003368-T01-IM5,0.12195122,0.137102539
P-0003372-T01-IM5,0.390243902,0.385068695
P-0003374-T01-IM5,0.195121951,0.188310667
P-0003377-T01-IM5,0.219512195,0.24655386
P-0003401-T01-IM5,0.048780488,0.046292928
P-0003406-T01-IM5,0.146341463,0.254467027
P-0003432-T01-IM5,0.536585366,0.594828779
P-0003456-T01-IM5,0.243902439,0.193132942
P-0003495-T01-IM5,0.268292683,0.255947814
P-0003507-T01-IM5,0.487804878,0.626187304
P-0003521-T02-IM5,0.512195122,0.594182821
P-0003524-T01-IM5,0,0.003061359
P-0003543-T01-IM5,0.317073171,0.306169989
P-0003553-T01-IM5,0.707317073,0.742532726
P-0003555-T01-IM5,0.048780488,0.059159559
P-0003559-T01-IM5,0,0.002899142
P-0003560-T01-IM5,0.219512195,0.23342822
P-0003562-T01-IM5,0.756097561,0.827512952
P-0003567-T01-IM5,0.195121951,0.168674505
P-0003568-T01-IM5,0.219512195,0.254346492
P-0003583-T01-IM5,0.024390244,0.014303024
P-0003584-T01-IM5,0.195121951,0.239800431
P-0003596-T01-IM5,0.536585366,0.621588184
P-0003598-T01-IM5,0.585365854,0.586023335
P-0003620-T01-IM5,0.658536585,0.793753697
P-0003621-T01-IM5,0.170731707,0.126255112
P-0003628-T01-IM5,0.195121951,0.276439971
P-0003635-T01-IM5,0.731707317,0.800589083
P-0003645-T01-IM5,0.243902439,0.275279285
P-0003650-T01-IM5,0.12195122,0.156151008
P-0003670-T01-IM5,0.243902439,0.265289178
P-0003698-T02-IM5,0.317073171,0.644355459
P-0003700-T01-IM5,0.097560976,0.107984474
P-0003703-T01-IM5,0.390243902,0.547607153
P-0003711-T01-IM5,0.365853659,0.422005088
P-0003719-T01-IM5,0.243902439,0.333325611
P-0003721-T01-IM5,0.585365854,0.620009302
P-0003726-T01-IM5,0.097560976,0.135155623
P-0003728-T01-IM5,0.146341463,0.173293319
P-0003738-T02-IM5,0,4.07E-06
P-0003742-T01-IM5,0.975609756,0.993800633
P-0003743-T01-IM5,0.073170732,0.093736287
P-0003749-T01-IM5,0.780487805,0.783456811
P-0003757-T01-IM5,0.463414634,0.546124941
P-0003766-T01-IM5,0.341463415,0.30021601
P-0003782-T01-IM5,0.073170732,0.114832
P-0003783-T01-IM5,0.463414634,0.459371311
P-0003811-T01-IM5,0.682926829,0.775969202
P-0003814-T01-IM5,0.243902439,0.221237538
P-0003841-T01-IM5,0.512195122,0.621217203
P-0003865-T01-IM5,0.146341463,0.159713564
P-0003868-T01-IM5,0.487804878,0.516430667
P-0003869-T01-IM5,0.658536585,0.697164277
P-0003871-T01-IM5,0.56097561,0.627548108
P-0003872-T01-IM5,0.658536585,0.712080825
P-0003881-T01-IM5,0.365853659,0.399145572
P-0003892-T01-IM5,0.219512195,0.227406275
P-0003899-T01-IM5,0.243902439,0.282082199
P-0003911-T01-IM5,0.829268293,0.834341997
P-0003913-T01-IM3,0.292682927,0.373172089
P-0003914-T01-IM3,0.219512195,0.187746317
P-0003921-T01-IM5,0.658536585,0.667565596
P-0003944-T01-IM3,0.609756098,0.783901755
P-0003955-T01-IM3,0.268292683,0.235299242
P-0003964-T01-IM3,0.414634146,0.447343048
P-0003967-T01-IM5,0.43902439,0.41405929
P-0003970-T01-IM5,0.390243902,0.445244512
P-0003972-T01-IM5,0.634146341,0.738761417
P-0004011-T01-IM5,0.048780488,0.032226397
P-0004016-T01-IM5,0.43902439,0.528327919
P-0004020-T01-IM5,0.292682927,0.242153082
P-0004043-T01-IM3,0.463414634,0.41380927
P-0004048-T01-IM5,0.317073171,0.414306282
P-0004050-T01-IM3,0.634146341,0.789979938
P-0004051-T01-IM5,0,0.016467334
P-0004054-T01-IM5,0.853658537,0.903029699
P-0004056-T01-IM5,0.56097561,0.571992762
P-0004077-T01-IM5,0.097560976,0.119822997
P-0004099-T01-IM5,0.658536585,0.76765786
P-0004103-T01-IM5,0.414634146,0.429889402
P-0004117-T01-IM5,0.804878049,0.785830985
P-0004120-T01-IM5,0.048780488,0.023667583
P-0004126-T01-IM5,0.219512195,0.189890199
P-0004132-T01-IM5,0.365853659,0.409766703
P-0004137-T01-IM5,0.097560976,0.139526893
P-0004140-T01-IM5,0.56097561,0.837972918
P-0004142-T01-IM5,0.024390244,0.076643456
P-0004150-T01-IM5,0.365853659,0.513666359
P-0004170-T01-IM5,0.243902439,0.241881574
P-0004189-T01-IM5,0.414634146,0.535653814
P-0004203-T01-IM5,0.707317073,0.755552075
P-0004214-T01-IM5,0.658536585,0.745384245
P-0004226-T01-IM5,0.146341463,0.154585193
P-0004232-T01-IM5,0.804878049,0.860796833
P-0004240-T01-IM5,0.024390244,0.049415009
P-0004253-T01-IM5,0.243902439,0.286994938
P-0004256-T01-IM5,0.195121951,0.247566786
P-0004257-T01-IM5,0.073170732,0.094171222
P-0004259-T01-IM5,0.195121951,0.199482121
P-0004272-T01-IM5,0.756097561,0.781632836
P-0004279-T01-IM5,0.609756098,0.750546131
P-0004294-T01-IM5,0.56097561,0.664294645
P-0004315-T01-IM5,0.658536585,0.758129053
P-0004329-T01-IM5,0.341463415,0.392567447
P-0004348-T01-IM5,0.341463415,0.372278028
P-0004349-T01-IM5,0.463414634,0.427279131
P-0004362-T01-IM5,0.243902439,0.379204417
P-0004366-T01-IM5,0.390243902,0.363119311
P-0004376-T01-IM5,0.048780488,0.07890978
P-0004387-T01-IM5,0.585365854,0.541870373
P-0004395-T01-IM5,0.585365854,0.710738972
P-0004397-T01-IM5,0.341463415,0.347641508
P-0004412-T01-IM5,0.463414634,0.469847127
P-0004413-T01-IM5,0.317073171,0.38159858
P-0004416-T01-IM5,0.634146341,0.670739151
P-0004436-T01-IM5,0.365853659,0.525762617
P-0004437-T01-IM5,0.268292683,0.335895341
P-0004442-T01-IM5,0.390243902,0.420224735
P-0004457-T01-IM5,0.170731707,0.218453632
P-0004458-T01-IM5,0.390243902,0.381416574
P-0004463-T01-IM5,0.43902439,0.479868244
P-0004472-T01-IM5,0.634146341,0.677235351
P-0004492-T01-IM5,0.048780488,0.104602084
P-0004494-T01-IM5,0.097560976,0.114215206
P-0004495-T01-IM5,0,0.003216082
P-0004507-T01-IM5,0.219512195,0.22098066
P-0004517-T01-IM5,0.682926829,0.808768608
P-0004518-T01-IM5,0.048780488,0.06475841
P-0004527-T01-IM5,0.56097561,0.733749129
P-0004552-T01-IM5,0.634146341,0.686716243
P-0004561-T01-IM5,0.634146341,0.669499416
P-0004588-T01-IM5,0,0.02317284
P-0004605-T01-IM5,0.56097561,0.690840474
P-0004612-T01-IM5,0.756097561,0.848056632
P-0004613-T01-IM5,0.634146341,0.671737448
P-0004661-T01-IM5,0.097560976,0.099469536
P-0004686-T01-IM5,0.658536585,0.655316309
P-0004693-T01-IM5,0.048780488,0.052057524
P-0004700-T01-IM5,0.073170732,0.067773772
P-0004701-T01-IM5,0.365853659,0.44408264
P-0004706-T01-IM5,0.097560976,0.224473484
P-0004742-T01-IM5,0,0.003811503
P-0004752-T01-IM5,0.097560976,0.143232811
P-0004759-T01-IM5,0.56097561,0.644252453
P-0004778-T01-IM5,0.097560976,0.104787366
P-0004783-T01-IM5,0.024390244,0.035188742
P-0004803-T01-IM5,0.658536585,0.663366168
P-0004812-T01-IM5,0.390243902,0.341166319
P-0004813-T02-IM5,0.43902439,0.507429436
P-0004815-T01-IM5,0.536585366,0.640829962
P-0004827-T01-IM5,0.170731707,0.132469737
P-0004832-T01-IM5,0.56097561,0.805874926
P-0004857-T01-IM5,0.707317073,0.68329907
P-0004871-T01-IM5,0.43902439,0.48498336
P-0004890-T01-IM5,0.536585366,0.641480663
P-0004933-T01-IM5,0.731707317,0.83588938
P-0004952-T01-IM5,0.414634146,0.608693183
P-0004961-T01-IM5,0.048780488,0.052081864
P-0004971-T01-IM5,0.170731707,0.151851474
P-0004983-T01-IM5,0,2.80E-04
P-0004996-T02-IM5,0.390243902,0.413045879
P-0005021-T01-IM5,0,6.07E-05
P-0005039-T01-IM5,0.56097561,0.560714167
P-0005048-T01-IM5,0.12195122,0.127906506
P-0005053-T01-IM5,0.146341463,0.134660872
P-0005054-T01-IM5,0.56097561,0.634576203
P-0005062-T01-IM5,0.634146341,0.658966599
P-0005082-T01-IM5,0,5.28E-06
P-0005109-T01-IM5,0.804878049,0.909492553
P-0005115-T01-IM5,0.195121951,0.223745913
P-0005118-T01-IM5,0.682926829,0.718885165
P-0005121-T02-IM5,0.195121951,0.201433144
P-0005129-T01-IM5,0.170731707,0.179947534
P-0005131-T01-IM5,0.414634146,0.440093286
P-0005132-T01-IM5,0.658536585,0.734486005
P-0005141-T01-IM5,0.829268293,0.829553043
P-0005144-T01-IM5,0.414634146,0.370353889
P-0005146-T01-IM5,0.292682927,0.301820269
P-0005150-T01-IM5,0,0.005631389
P-0005151-T01-IM5,0.048780488,0.027428995
P-0005157-T01-IM5,0.146341463,0.176243632
P-0005159-T01-IM5,0.609756098,0.619616658
P-0005176-T01-IM5,0.634146341,0.877013102
P-0005177-T01-IM5,0.341463415,0.311709669
P-0005180-T01-IM5,0.682926829,0.751320351
P-0005187-T01-IM5,0.024390244,0.03983093
P-0005201-T01-IM5,0.12195122,0.133532591
P-0005222-T01-IM5,0.463414634,0.402534167
P-0005226-T01-IM5,0.487804878,0.517071477
P-0005228-T01-IM5,0.341463415,0.288591373
P-0005235-T01-IM5,0.536585366,0.739133567
P-0005239-T01-IM5,0.048780488,0.052066501
P-0005252-T01-IM5,0.463414634,0.544908012
P-0005254-T01-IM5,0.365853659,0.443937565
P-0005260-T01-IM5,0.146341463,0.19429498
P-0005266-T01-IM5,0.024390244,0.055972372
P-0005271-T01-IM5,0.048780488,0.076863994
P-0005274-T01-IM5,0.609756098,0.648342495
P-0005289-T01-IM5,0.170731707,0.195904337
P-0005295-T01-IM5,0.073170732,0.149119112
P-0005304-T01-IM5,0.268292683,0.31202845
P-0005309-T01-IM5,0.585365854,0.588131645
P-0005320-T01-IM5,0.048780488,0.056357284
P-0005328-T01-IM5,0.073170732,0.080351372
P-0005332-T01-IM5,0.146341463,0.155171871
P-0005352-T01-IM5,0.414634146,0.564544065
P-0005354-T01-IM5,0.390243902,0.378399816
P-0005361-T01-IM5,0.317073171,0.338776375
P-0005366-T01-IM5,0.829268293,0.785803766
P-0005383-T01-IM5,0.463414634,0.546790838
P-0005421-T01-IM5,0.048780488,0.037069928
P-0005437-T01-IM5,0.658536585,0.724652965
P-0005456-T01-IM5,0.512195122,0.503690664
P-0005458-T01-IM5,0.292682927,0.367222224
P-0005464-T01-IM5,0.414634146,0.466382039
P-0005488-T01-IM5,0.56097561,0.639728192
P-0005489-T01-IM5,0.317073171,0.346695046
P-0005493-T01-IM5,0.390243902,0.328685789
P-0005494-T01-IM5,0.219512195,0.325369651
P-0005500-T01-IM5,0.048780488,0.088912171
P-0005510-T01-IM5,0.048780488,0.0483089
P-0005522-T01-IM5,0.341463415,0.372816373
P-0005534-T01-IM5,0.390243902,0.402160015
P-0005539-T01-IM5,0.707317073,0.761558245
P-0005553-T01-IM5,0.756097561,0.730424132
P-0005579-T01-IM5,0.048780488,0.053726226
P-0005583-T01-IM5,0.219512195,0.246794159
P-0005593-T01-IM5,0.219512195,0.242748198
P-0005604-T01-IM5,0.975609756,0.999215461
P-0005627-T02-IM5,0,0.015908103
P-0005629-T02-IM5,0.195121951,0.201051273
P-0005634-T01-IM5,0.463414634,0.637289995
P-0005635-T01-IM5,0.219512195,0.307730336
P-0005641-T01-IM5,0.43902439,0.454725443
P-0005650-T01-IM5,0.536585366,0.578342297
P-0005655-T01-IM5,0.390243902,0.446723105
P-0005682-T01-IM5,0.219512195,0.245416025
P-0005687-T01-IM5,0.634146341,0.658550762
P-0005711-T01-IM5,0.487804878,0.505633027
P-0005712-T01-IM5,0.43902439,0.714119097
P-0005719-T01-IM5,0.073170732,0.0610048
P-0005721-T01-IM5,0.170731707,0.154380198
P-0005725-T01-IM5,0.536585366,0.610638402
P-0005727-T01-IM5,0.12195122,0.191073015
P-0005731-T01-IM5,0.463414634,0.710773565
P-0005733-T01-IM5,0.43902439,0.612096897
P-0005747-T01-IM5,0.512195122,0.509395611
P-0005750-T01-IM5,0.12195122,0.166709181
P-0005752-T01-IM5,0.024390244,0.073375353
P-0005762-T01-IM5,0.414634146,0.442732078
P-0005783-T01-IM5,0.56097561,0.659047284
P-0005791-T01-IM5,0.268292683,0.268987534
P-0005792-T01-IM5,0.87804878,0.928345377
P-0005794-T01-IM5,0.292682927,0.29572821
P-0005795-T01-IM5,0.268292683,0.288946621
P-0005808-T01-IM5,0.634146341,0.665279316
P-0005822-T01-IM5,0.390243902,0.439925182
P-0005823-T01-IM5,0.243902439,0.285541858
P-0005842-T01-IM5,0,4.91E-04
P-0005848-T01-IM5,0.243902439,0.234332964
P-0005851-T01-IM5,0.56097561,0.546713621
P-0005855-T01-IM5,0.487804878,0.584578934
P-0005869-T01-IM5,0.292682927,0.289921557
P-0005882-T01-IM5,0.268292683,0.268820084
P-0005897-T02-IM5,0.463414634,0.479445556
P-0005898-T01-IM5,0.170731707,0.183511492
P-0005912-T01-IM5,0.585365854,0.617892839
P-0005913-T01-IM5,0.609756098,0.607873767
P-0005928-T01-IM5,0.219512195,0.271107373
P-0005929-T01-IM5,0.463414634,0.434437708
P-0005947-T01-IM5,0.219512195,0.198249723
P-0005954-T01-IM5,0.756097561,0.739544082
P-0005958-T01-IM5,0.731707317,0.769912262
P-0005963-T01-IM5,0.43902439,0.495490293
P-0005965-T01-IM5,0.292682927,0.372544162
P-0005971-T01-IM5,0.585365854,0.564169504
P-0005981-T01-IM5,0.317073171,0.342330117
P-0005998-T01-IM5,0.048780488,0.048942501
P-0006008-T01-IM5,0.146341463,0.136004794
P-0006026-T01-IM5,0.195121951,0.229795962
P-0006034-T01-IM5,0.512195122,0.53461459
P-0006045-T01-IM5,0.682926829,0.788684223
P-0006046-T01-IM5,0.536585366,0.621838024
P-0006047-T02-IM5,0.317073171,0.275170524
P-0006055-T01-IM5,0.585365854,0.574975967
P-0006071-T01-IM5,0.609756098,0.898371995
P-0006077-T01-IM5,0.292682927,0.506828617
P-0006084-T01-IM5,0.804878049,0.787513023
P-0006095-T01-IM5,0.073170732,0.106845279
P-0006097-T01-IM5,0.390243902,0.434474267
P-0006109-T01-IM5,0.268292683,0.279057485
P-0006114-T01-IM5,0.219512195,0.180079363
P-0006121-T01-IM5,0.243902439,0.293283851
P-0006155-T02-IM5,0.512195122,0.646247953
P-0006177-T01-IM5,0.365853659,0.355543648
P-0006192-T01-IM5,0.390243902,0.513233095
P-0006193-T01-IM5,0.365853659,0.459649038
P-0006213-T01-IM5,0.243902439,0.234775603
P-0006220-T01-IM5,0.365853659,0.323716943
P-0006221-T01-IM5,0.12195122,0.132836158
P-0006222-T01-IM5,0.536585366,0.568313691
P-0006227-T01-IM5,0.243902439,0.225133463
P-0006239-T01-IM5,0.487804878,0.443246178
P-0006268-T01-IM5,0.317073171,0.301563778
P-0006270-T01-IM5,0.268292683,0.222532364
P-0006281-T01-IM5,0.317073171,0.515410619
P-0006282-T02-IM5,0.487804878,0.489830097
P-0006294-T01-IM5,0.12195122,0.119395482
P-0006318-T01-IM5,0.048780488,0.054605129
P-0006321-T01-IM5,0.512195122,0.599823942
P-0006330-T01-IM5,0.682926829,0.649720712
P-0006334-T01-IM5,0.073170732,0.055488686
P-0006339-T01-IM5,0.317073171,0.285833616
P-0006343-T01-IM5,0.097560976,0.114808339
P-0006381-T01-IM5,0.43902439,0.482876507
P-0006392-T01-IM5,0.146341463,0.148064658
P-0006414-T01-IM5,0.414634146,0.431155974
P-0006415-T01-IM5,0.487804878,0.412708687
P-0006416-T01-IM5,0.341463415,0.319763412
P-0006428-T01-IM5,0.195121951,0.175258635
P-0006439-T01-IM5,0.390243902,0.434906289
P-0006441-T01-IM5,0.512195122,0.509664306
P-0006467-T01-IM5,0.365853659,0.434998814
P-0006476-T01-IM5,0.536585366,0.487049277
P-0006488-T01-IM5,0.390243902,0.393428382
P-0006498-T01-IM5,0.12195122,0.071845401
P-0006500-T01-IM5,0.365853659,0.324837987
P-0006503-T01-IM5,0.658536585,0.698892281
P-0006510-T01-IM5,0.292682927,0.28609868
P-0006516-T01-IM5,0.073170732,0.050558653
P-0006525-T01-IM5,0.341463415,0.387988185
P-0006528-T01-IM5,0.292682927,0.395910944
P-0006535-T01-IM5,0.195121951,0.160209837
P-0006539-T01-IM5,0.317073171,0.3305192
P-0006541-T01-IM5,0.634146341,0.64912109
P-0006542-T01-IM5,0.317073171,0.336790959
P-0006545-T01-IM5,0.658536585,0.630926701
P-0006546-T01-IM5,0.43902439,0.430088884
P-0006550-T01-IM5,0.414634146,0.410885003
P-0006557-T01-IM5,0.634146341,0.629915801
P-0006570-T01-IM5,0,0.011348786
P-0006572-T01-IM5,0.219512195,0.242251622
P-0006582-T01-IM5,0.097560976,0.128084742
P-0006586-T01-IM5,0.365853659,0.427671439
P-0006587-T01-IM5,0.024390244,0.057190508
P-0006628-T01-IM5,0.292682927,0.356798415
P-0006639-T01-IM5,0.414634146,0.423132751
P-0006641-T01-IM5,0.243902439,0.267849877
P-0006642-T01-IM5,0.414634146,0.452588553
P-0006653-T01-IM5,0.512195122,0.474550391
P-0006667-T01-IM5,0.243902439,0.22743404
P-0006672-T01-IM5,0.195121951,0.141946405
P-0006674-T01-IM5,0.658536585,0.729986943
P-0006708-T01-IM5,0.243902439,0.308955898
P-0006713-T01-IM5,0.585365854,0.719498484
P-0006719-T01-IM5,0.390243902,0.393092329
P-0006724-T01-IM5,0.829268293,0.784341928
P-0006728-T01-IM5,0.682926829,0.8486782
P-0006731-T01-IM5,0.780487805,0.763918917
P-0006735-T01-IM5,0.682926829,0.659512798
P-0006738-T01-IM5,0.146341463,0.235963834
P-0006743-T01-IM5,0.585365854,0.564455831
P-0006746-T01-IM5,0,6.91E-04
P-0006762-T02-IM5,0.536585366,0.769360355
P-0006765-T01-IM5,0,3.88E-06
P-0006768-T01-IM5,0.634146341,0.720198798
P-0006773-T01-IM5,0,0.003264464
P-0006800-T01-IM5,0.585365854,0.565671
P-0006826-T01-IM5,0.268292683,0.235420021
P-0006842-T01-IM5,0.56097561,0.741409217
P-0006845-T01-IM5,0.048780488,0.03538224
P-0006848-T01-IM5,0.536585366,0.506939948
P-0006869-T01-IM5,0.609756098,0.654595409
P-0006895-T01-IM5,0.12195122,0.097375774
P-0006904-T01-IM5,0.12195122,0.059711114
P-0006911-T01-IM5,0.170731707,0.152556177
P-0006933-T01-IM5,0.414634146,0.56711645
P-0006934-T01-IM5,0.317073171,0.464946349
P-0006935-T01-IM5,0.317073171,0.317922073
P-0006946-T01-IM5,0.414634146,0.569614756
P-0006952-T01-IM5,0.170731707,0.096559149
P-0006954-T01-IM5,0.268292683,0.265635322
P-0006959-T01-IM5,0.048780488,0.020939482
P-0006970-T01-IM5,0.048780488,0.056935811
P-0006971-T01-IM5,0.658536585,0.680733235
P-0006973-T01-IM5,0.609756098,0.579910437
P-0006993-T01-IM5,0.219512195,0.25261606
P-0007010-T01-IM5,0.902439024,0.928970265
P-0007014-T01-IM5,0.463414634,0.608079657
P-0007051-T01-IM5,0.87804878,0.910737446
P-0007061-T01-IM5,0.219512195,0.250560085
P-0007068-T01-IM5,0.634146341,0.681975033
P-0007081-T02-IM5,0.56097561,0.51719208
P-0007083-T02-IM6,0.707317073,0.868726982
P-0007088-T02-IM5,0.512195122,0.528039096
P-0007090-T02-IM5,0.341463415,0.328981381
P-0007099-T01-IM5,0.365853659,0.462239624
P-0007101-T02-IM5,0.43902439,0.443213217
P-0007104-T01-IM5,0.56097561,0.602248784
P-0007114-T01-IM5,0.268292683,0.297786313
P-0007118-T01-IM5,0.609756098,0.706670384
P-0007119-T01-IM5,0.365853659,0.310432678
P-0007121-T01-IM5,0.12195122,0.058468275
P-0007123-T01-IM5,0.243902439,0.201138178
P-0007124-T01-IM5,0.463414634,0.577390605
P-0007127-T01-IM5,0.780487805,0.946714724
P-0007142-T01-IM5,0.146341463,0.145259175
P-0007210-T01-IM5,0.073170732,0.111137526
P-0007220-T01-IM5,0.414634146,0.353248305
P-0007232-T01-IM5,0.048780488,0.019879263
P-0007235-T01-IM5,0.756097561,0.851023971
P-0007238-T01-IM5,0.268292683,0.283119895
P-0007274-T01-IM5,0.195121951,0.120298309
P-0007278-T01-IM5,0.097560976,0.116289589
P-0007281-T01-IM5,0.12195122,0.124147883
P-0007293-T01-IM5,0.585365854,0.828376998
P-0007310-T01-IM5,0.024390244,0.010732201
P-0007314-T01-IM5,0.317073171,0.278317068
P-0007349-T01-IM5,0.463414634,0.528505519
P-0007384-T01-IM5,0.317073171,0.335847131
P-0007388-T01-IM5,0.170731707,0.163500974
P-0007399-T01-IM5,0.707317073,0.727698464
P-0007405-T01-IM5,0.512195122,0.478578895
P-0007407-T01-IM5,0.341463415,0.567800854
P-0007410-T01-IM5,0.658536585,0.653264417
P-0007418-T01-IM5,0.634146341,0.718551173
P-0007420-T01-IM5,0.487804878,0.440497607
P-0007421-T01-IM5,0,0.001525047
P-0007484-T01-IM5,0.707317073,0.858552807
P-0007486-T01-IM5,0.414634146,0.389120587
P-0007493-T02-IM5,0.585365854,0.747233492
P-0007495-T01-IM5,0.170731707,0.15791031
P-0007504-T01-IM5,0.292682927,0.249682726
P-0007514-T01-IM5,0.219512195,0.180897116
P-0007517-T01-IM5,0.512195122,0.516641055
P-0007525-T01-IM5,0.243902439,0.22078852
P-0007531-T01-IM5,0.146341463,0.218471841
P-0007540-T01-IM5,0.390243902,0.488074116
P-0007543-T01-IM5,0.195121951,0.239323359
P-0007556-T01-IM5,0.292682927,0.306813706
P-0007561-T01-IM5,0.43902439,0.513361416
P-0007567-T01-IM5,0.951219512,0.965059173
P-0007575-T01-IM5,0.804878049,0.835691223
P-0007580-T01-IM5,0.487804878,0.463888756
P-0007582-T01-IM5,0.463414634,0.540470735
P-0007583-T01-IM5,0.56097561,0.610153975
P-0007597-T01-IM5,0.658536585,0.669753234
P-0007619-T01-IM5,0.268292683,0.341112782
P-0007620-T01-IM5,0.195121951,0.224571707
P-0007622-T01-IM5,0.243902439,0.258456047
P-0007633-T01-IM5,0.146341463,0.15343267
P-0007656-T01-IM5,0.634146341,0.756528643
P-0007674-T01-IM5,0.024390244,0.022433289
P-0007693-T01-IM5,0.243902439,0.242762123
P-0007736-T01-IM5,0.634146341,0.696881544
P-0007748-T01-IM5,0.292682927,0.383728379
P-0007771-T01-IM5,0.536585366,0.60008782
P-0007806-T01-IM5,0.487804878,0.500715018
P-0007810-T02-IM5,0,6.45E-07
P-0007834-T01-IM5,0.463414634,0.546267247
P-0007839-T01-IM5,0.146341463,0.211241649
P-0007845-T01-IM5,0.341463415,0.26685241
P-0007861-T01-IM5,0.146341463,0.168873648
P-0007876-T01-IM5,0.195121951,0.261066854
P-0007879-T01-IM5,0.682926829,0.806055196
P-0007895-T01-IM5,0.317073171,0.432715631
P-0007916-T01-IM5,0.658536585,0.731843569
P-0007917-T01-IM5,0.146341463,0.172690684
P-0007918-T01-IM5,0.048780488,0.110288438
P-0007925-T01-IM5,0.487804878,0.580388722
P-0007927-T01-IM5,0.512195122,0.634890134
P-0007961-T02-IM5,0.292682927,0.299425276
P-0007970-T01-IM5,0.024390244,0.011906484
P-0007971-T01-IM5,0.487804878,0.64563427
P-0007977-T01-IM5,0.219512195,0.199643066
P-0007978-T01-IM5,0.536585366,0.585580301
P-0007995-T01-IM5,0.243902439,0.234187088
P-0007997-T01-IM5,0.097560976,0.121068522
P-0008004-T01-IM5,0.048780488,0.02884818
P-0008005-T01-IM5,0.048780488,0.063085675
P-0008009-T01-IM5,0.829268293,0.790988261
P-0008033-T01-IM5,0.170731707,0.16848332
P-0008036-T01-IM5,0.463414634,0.677250215
P-0008050-T01-IM5,0.341463415,0.315915977
P-0008053-T01-IM5,0.146341463,0.146674455
P-0008061-T01-IM5,0.341463415,0.34086028
P-0008062-T01-IM5,0.292682927,0.281257314
P-0008080-T01-IM5,0.219512195,0.21708777
P-0008137-T01-IM5,0,3.06E-07
P-0008161-T01-IM5,0.365853659,0.353658443
P-0008166-T01-IM5,0.243902439,0.226815116
P-0008168-T01-IM5,0.195121951,0.254773623
P-0008169-T01-IM5,0.609756098,0.689184687
P-0008176-T01-IM5,0.097560976,0.105869573
P-0008187-T01-IM5,0.658536585,0.75117441
P-0008188-T01-IM5,0.048780488,0.046060059
P-0008228-T01-IM5,0.56097561,0.604771565
P-0008239-T01-IM5,0.292682927,0.285961355
P-0008248-T01-IM5,0.268292683,0.344542133
P-0008249-T01-IM5,0.097560976,0.075586255
P-0008257-T01-IM5,0.365853659,0.297878591
P-0008258-T01-IM5,0.243902439,0.180735833
P-0008290-T01-IM5,0,4.13E-05
P-0008295-T01-IM5,0.804878049,1
P-0008305-T01-IM5,0.43902439,0.411885112
P-0008322-T01-IM5,0.292682927,0.263578949
P-0008323-T01-IM5,0.024390244,0.074848794
P-0008328-T01-IM5,0.195121951,0.355467906
P-0008332-T01-IM5,0.56097561,0.56674359
P-0008340-T01-IM5,0.56097561,0.603022633
P-0008353-T01-IM5,0.512195122,0.616404605
P-0008375-T01-IM5,0.414634146,0.459502076
P-0008380-T01-IM5,0.585365854,0.558273891
P-0008382-T01-IM5,0.219512195,0.232654348
P-0008399-T01-IM5,0.268292683,0.391708439
P-0008403-T01-IM5,0.56097561,0.684082422
P-0008425-T01-IM5,0,0.001795769
P-0008434-T01-IM5,0.292682927,0.354282253
P-0008438-T01-IM5,0.292682927,0.268836125
P-0008439-T01-IM5,0.170731707,0.204991142
P-0008442-T01-IM5,0.634146341,0.730655296
P-0008445-T01-IM5,0.292682927,0.243483589
P-0008459-T02-IM5,0.048780488,0.086874314
P-0008490-T01-IM5,0,3.37E-04
P-0008492-T02-IM5,0.292682927,0.301012267
P-0008518-T01-IM5,0.707317073,0.838150267
P-0008522-T01-IM5,0.097560976,0.132908291
P-0008528-T01-IM5,0.926829268,0.966805364
P-0008532-T01-IM5,0.414634146,0.48425143
P-0008537-T01-IM5,0.048780488,0.056337129
P-0008571-T01-IM5,0.341463415,0.364496186
P-0008575-T01-IM5,0.707317073,0.735276657
P-0008595-T01-IM5,0.170731707,0.142389976
P-0008651-T01-IM5,0.390243902,0.361067673
P-0008659-T01-IM5,0.292682927,0.306882296
P-0008662-T01-IM5,0.073170732,0.075518255
P-0008678-T01-IM5,0.707317073,0.685878973
P-0008718-T01-IM5,0.341463415,0.345817705
P-0008728-T01-IM5,0.56097561,0.639026141
P-0008733-T01-IM5,0.12195122,0.079403699
P-0008746-T01-IM5,0.048780488,0.023510526
P-0008765-T01-IM5,0.243902439,0.253879932
P-0008772-T01-IM5,0.170731707,0.141702936
P-0008784-T02-IM5,0.317073171,0.387608518
P-0008785-T01-IM5,0.243902439,0.238594393
P-0008786-T01-IM5,0.682926829,0.763262972
P-0008792-T01-IM5,0.56097561,0.708013536
P-0008798-T01-IM5,0,0.002995421
P-0008800-T02-IM5,0.170731707,0.197632949
P-0008816-T01-IM5,0,4.64E-05
P-0008830-T01-IM5,0.048780488,0.052183596
P-0008841-T01-IM5,0,8.65E-04
P-0008848-T01-IM5,0.268292683,0.340153204
P-0008851-T01-IM5,0.682926829,0.686487636
P-0008857-T01-IM5,0.682926829,0.656723716
P-0008870-T01-IM5,0.097560976,0.09137592
P-0008874-T01-IM5,0.097560976,0.111401394
P-0008904-T01-IM5,0.195121951,0.239897796
P-0008912-T01-IM5,0.780487805,0.876472398
P-0008922-T01-IM5,0.170731707,0.152535649
P-0008935-T01-IM5,0.414634146,0.333830693
P-0008939-T01-IM5,0.268292683,0.235490758
P-0008942-T01-IM5,0.804878049,0.826968216
P-0008944-T01-IM5,0.195121951,0.183584212
P-0008946-T01-IM5,0.195121951,0.24990836
P-0008963-T01-IM5,0.243902439,0.238196372
P-0008964-T01-IM5,0.512195122,0.536240549
P-0008974-T01-IM5,0.390243902,0.455439492
P-0008997-T01-IM5,0.658536585,0.734910313
P-0008999-T01-IM5,0.317073171,0.372900441
P-0009005-T01-IM5,0.512195122,0.660467113
P-0009017-T01-IM5,0.56097561,0.558251545
P-0009019-T01-IM5,0.707317073,0.786298007
P-0009020-T01-IM5,0.365853659,0.479576474
P-0009057-T01-IM5,0,0.001260438
P-0009066-T01-IM5,0.219512195,0.178735843
P-0009068-T01-IM5,0.292682927,0.303239305
P-0009072-T01-IM5,0.268292683,0.294871403
P-0009074-T01-IM5,0.170731707,0.222504378
P-0009080-T01-IM5,0.609756098,0.660866908
P-0009084-T01-IM5,0.536585366,0.613342438
P-0009088-T01-IM5,0.170731707,0.141298557
P-0009100-T01-IM5,0.292682927,0.254632075
P-0009101-T01-IM5,0.146341463,0.148302508
P-0009105-T01-IM5,0.43902439,0.515084993
P-0009106-T01-IM5,0.195121951,0.346980326
P-0009108-T01-IM5,0.756097561,0.753910996
P-0009119-T01-IM5,0.243902439,0.211710598
P-0009148-T01-IM5,0.609756098,0.612005178
P-0009152-T01-IM5,0.12195122,0.182869997
P-0009161-T01-IM5,0.341463415,0.284825422
P-0009177-T01-IM5,0.390243902,0.42583482
P-0009180-T01-IM5,0.048780488,0.065780434
P-0009188-T01-IM5,0.146341463,0.207689732
P-0009189-T01-IM5,0.341463415,0.386847956
P-0009202-T01-IM5,0.365853659,0.495354259
P-0009245-T01-IM5,0.609756098,0.700122853
P-0009256-T01-IM5,0.390243902,0.442498412
P-0009263-T01-IM5,0.243902439,0.270059591
P-0009274-T01-IM5,0.731707317,0.742935013
P-0009292-T01-IM5,0.731707317,0.681406488
P-0009293-T01-IM5,0.512195122,0.529102261
P-0009297-T01-IM5,0.12195122,0.22085725
P-0009308-T01-IM5,0.146341463,0.124160855
P-0009311-T01-IM5,0.682926829,0.734934148
P-0009319-T01-IM5,0.56097561,0.606781962
P-0009324-T02-IM5,0.780487805,0.697089952
P-0009336-T01-IM5,0.073170732,0.062966042
P-0009337-T01-IM5,0.219512195,0.203865036
P-0009345-T01-IM5,0.048780488,0.034041779
P-0009347-T01-IM5,0.414634146,0.362688091
P-0009348-T01-IM5,0.12195122,0.130183233
P-0009349-T01-IM5,0.146341463,0.17822928
P-0009363-T01-IM5,0.634146341,0.652389452
P-0009364-T01-IM5,0.512195122,0.629086162
P-0009365-T01-IM5,0.463414634,0.523204003
P-0009368-T01-IM5,0.414634146,0.600954878
P-0009370-T01-IM5,0.195121951,0.225356222
P-0009379-T01-IM5,0.048780488,0.025652236
P-0009411-T01-IM5,0.048780488,0.068716757
P-0009414-T01-IM5,0.12195122,0.071098805
P-0009419-T01-IM5,0.073170732,0.080954022
P-0009426-T01-IM5,0.512195122,0.625100682
P-0009431-T01-IM5,0.634146341,0.690081775
P-0009434-T01-IM5,0.292682927,0.342475701
P-0009435-T01-IM5,0.56097561,0.701721479
P-0009451-T01-IM5,0.195121951,0.183258036
P-0009453-T01-IM5,0.512195122,0.62428039
P-0009469-T01-IM5,0.585365854,0.663415006
P-0009473-T01-IM5,0.268292683,0.255134353
P-0009476-T01-IM5,0.463414634,0.351422138
P-0009483-T01-IM5,0.073170732,0.068670824
P-0009497-T01-IM5,0,1.29E-05
P-0009498-T01-IM5,0.658536585,0.776078334
P-0009499-T01-IM5,0.12195122,0.174859959
P-0009501-T01-IM5,0.390243902,0.394829015
P-0009505-T01-IM5,0.487804878,0.692752294
P-0009517-T01-IM5,0.43902439,0.448363754
P-0009521-T01-IM5,0.414634146,0.342509517
P-0009526-T01-IM5,0.609756098,0.735928292
P-0009527-T01-IM5,0.756097561,0.663097124
P-0009532-T01-IM5,0.195121951,0.156918264
P-0009539-T01-IM5,0,8.29E-04
P-0009563-T01-IM5,0.243902439,0.273304485
P-0009586-T01-IM5,0.585365854,0.576635646
P-0009588-T01-IM5,0.707317073,0.661960417
P-0009638-T01-IM5,0.048780488,0.06961396
P-0009648-T01-IM5,0.829268293,0.821345613
P-0009655-T01-IM5,0.195121951,0.299060525
P-0009660-T01-IM5,0.682926829,0.699171124
P-0009706-T01-IM5,0.073170732,0.035087875
P-0009711-T01-IM5,0.073170732,0.064606094
P-0009714-T01-IM5,0.243902439,0.326866991
P-0009717-T01-IM5,0.170731707,0.211748072
P-0009727-T01-IM5,0.365853659,0.605225926
P-0009736-T01-IM5,0.585365854,0.774136247
P-0009743-T01-IM5,0.56097561,0.566509983
P-0009747-T01-IM5,0,0.012211699
P-0009756-T01-IM5,0.463414634,0.4726462
P-0009762-T01-IM5,0.390243902,0.452996685
P-0009764-T01-IM5,0.609756098,0.654206223
P-0009788-T01-IM5,0.56097561,0.627086277
P-0009790-T01-IM5,0.219512195,0.237583873
P-0009830-T01-IM5,0.097560976,0.101124948
P-0009831-T01-IM5,0.073170732,0.096511612
P-0009833-T01-IM5,0.536585366,0.623192455
P-0009846-T01-IM5,0.487804878,0.52753588
P-0009898-T01-IM5,0.536585366,0.551620377
P-0009906-T01-IM5,0.43902439,0.354118651
P-0009910-T01-IM5,0.87804878,0.959078124
P-0009915-T01-IM5,0.317073171,0.288493692
P-0009918-T01-IM5,0.219512195,0.150661032
P-0009924-T01-IM5,0,7.95E-06
P-0009944-T01-IM5,0.853658537,0.86911834
P-0009950-T01-IM5,0.097560976,0.105152912
P-0009959-T01-IM5,0.219512195,0.299487012
P-0009969-T01-IM5,0.195121951,0.151862339
P-0010004-T01-IM5,0.658536585,0.642225606
P-0010008-T01-IM5,0.829268293,0.858781283
P-0010013-T01-IM5,0.780487805,0.849967764
P-0010024-T01-IM5,0.219512195,0.269015172
P-0010025-T01-IM5,0.487804878,0.517725103
P-0010046-T01-IM5,0.707317073,0.712089132
P-0010065-T01-IM5,0.073170732,0.090963833
P-0010079-T01-IM5,0.048780488,0.04694672
P-0010082-T01-IM5,0.609756098,0.731307522
P-0010088-T01-IM5,0.243902439,0.22796144
P-0010094-T01-IM5,0.414634146,0.466935278
P-0010099-T01-IM5,0,0.002065264
P-0010104-T01-IM5,0.43902439,0.496043196
P-0010111-T01-IM5,0.536585366,0.574207263
P-0010115-T01-IM5,0.341463415,0.321982985
P-0010140-T01-IM5,0,6.11E-04
P-0010161-T01-IM5,0.585365854,0.610191018
P-0010174-T01-IM5,0.43902439,0.567523345
P-0010184-T01-IM5,0.048780488,0.085018532
P-0010199-T01-IM5,0.170731707,0.188873435
P-0010212-T01-IM5,0.43902439,0.401122677
P-0010213-T01-IM5,0.658536585,0.827441767
P-0010215-T01-IM5,0.43902439,0.388156247
P-0010222-T01-IM5,0.268292683,0.217878807
P-0010232-T01-IM5,0.902439024,0.93444686
P-0010236-T01-IM5,0.390243902,0.4170168
P-0010238-T01-IM5,0.707317073,0.798433811
P-0010241-T01-IM5,0.317073171,0.418870932
P-0010249-T01-IM5,0.853658537,0.836011287
P-0010252-T01-IM5,0.609756098,0.86218447
P-0010254-T03-IM5,0.487804878,0.531100412
P-0010256-T01-IM5,0.048780488,0.084457884
P-0010257-T01-IM5,0.512195122,0.496855114
P-0010311-T01-IM5,0.43902439,0.399769126
P-0010312-T01-IM5,0.195121951,0.116215181
P-0010317-T01-IM5,0.658536585,0.710745311
P-0010327-T01-IM5,0.195121951,0.159031455
P-0010340-T01-IM5,0.780487805,0.75157523
P-0010344-T01-IM5,0.365853659,0.335484588
P-0010355-T01-IM5,0.390243902,0.570324184
P-0010362-T01-IM5,0.195121951,0.214828629
P-0010380-T01-IM5,0.585365854,0.57939578
P-0010381-T01-IM5,0.707317073,0.654942999
P-0010385-T01-IM5,0.195121951,0.282657633
P-0010389-T01-IM5,0.195121951,0.106722728
P-0010450-T01-IM5,0.512195122,0.518394284
P-0010495-T01-IM5,0.780487805,0.951885083
P-0010499-T01-IM5,0.073170732,0.035681733
P-0010501-T01-IM5,0.12195122,0.18165473
P-0010516-T01-IM5,0.268292683,0.38720451
P-0010556-T01-IM5,0.487804878,0.619238539
P-0010581-T01-IM5,0.048780488,0.046274646
P-0010587-T01-IM5,0,0.005621503
P-0010588-T01-IM5,0.243902439,0.259349621
P-0010603-T01-IM5,0.536585366,0.617800334
P-0010613-T01-IM5,0.487804878,0.52714583
P-0010614-T01-IM5,0.195121951,0.259443696
P-0010636-T01-IM5,0.634146341,0.71783862
P-0010644-T01-IM5,0.731707317,0.774484211
P-0010645-T01-IM5,0.219512195,0.247682579
P-0010648-T01-IM5,0.536585366,0.691445419
P-0010669-T01-IM5,0.268292683,0.599203643
P-0010670-T01-IM5,0.390243902,0.424121267
P-0010707-T01-IM5,0.609756098,0.699373863
P-0010715-T01-IM5,0.536585366,0.722810775
P-0010736-T01-IM5,0.341463415,0.371211765
P-0010737-T01-IM5,0.731707317,0.72101649
P-0010742-T01-IM5,0.56097561,0.571135085
P-0010744-T01-IM5,0.487804878,0.641049537
P-0010755-T01-IM5,0.658536585,0.817040731
P-0010760-T01-IM5,0.073170732,0.074831829
P-0010791-T01-IM5,0.097560976,0.124587599
P-0010800-T01-IM5,0.268292683,0.242668385
P-0010816-T01-IM5,0.414634146,0.425469555
P-0010818-T01-IM5,0.317073171,0.3165296
P-0010825-T01-IM5,0.12195122,0.069052734
P-0010826-T01-IM5,0.12195122,0.07951867
P-0010840-T02-IM5,0.097560976,0.121243832
P-0010842-T01-IM5,0.12195122,0.062203007
P-0010847-T01-IM5,0.585365854,0.773773454
P-0010855-T01-IM5,0.414634146,0.494821936
P-0010891-T01-IM5,0.219512195,0.17153804
P-0010915-T01-IM5,0.268292683,0.48328095
P-0010921-T01-IM5,0.024390244,0.050926254
P-0010937-T01-IM5,0.414634146,0.369048376
P-0010945-T01-IM5,0,0.002896079
P-0010963-T01-IM5,0.073170732,0.118008128
P-0010966-T01-IM5,0.097560976,0.126247069
P-0010975-T01-IM5,0.195121951,0.228153718
P-0010986-T01-IM5,0.243902439,0.259724439
P-0010994-T01-IM5,0.707317073,0.758475213
P-0011012-T01-IM5,0.073170732,0.082297415
P-0011030-T01-IM5,0.853658537,0.856200587
P-0011033-T01-IM5,0.585365854,0.58977562
P-0011036-T01-IM5,0.707317073,0.805279571
P-0011047-T01-IM5,0.341463415,0.359311954
P-0011068-T01-IM5,0.292682927,0.366535576
P-0011071-T01-IM5,0.12195122,0.063738347
P-0011095-T01-IM5,0.951219512,0.956406778
P-0011097-T01-IM5,0.414634146,0.425901994
P-0011119-T01-IM5,0.243902439,0.200366797
P-0011144-T01-IM5,0.195121951,0.243890166
P-0011149-T01-IM5,0.414634146,0.494908295
P-0011162-T01-IM5,0.390243902,0.384702069
P-0011180-T01-IM5,0.292682927,0.285534861
P-0011187-T01-IM5,0.195121951,0.176991955
P-0011192-T01-IM5,0.170731707,0.191006384
P-0011195-T01-IM5,0.341463415,0.324045412
P-0011219-T01-IM5,0.414634146,0.363909553
P-0011244-T01-IM5,0.024390244,0.012897383
P-0011245-T01-IM5,0.195121951,0.270330248
P-0011246-T01-IM5,0.12195122,0.127062966
P-0011288-T01-IM5,0.43902439,0.461042399
P-0011297-T01-IM5,0.487804878,0.462149204
P-0011357-T01-IM5,0.12195122,0.078829109
P-0011378-T01-IM5,0.390243902,0.427034995
P-0011401-T01-IM5,0.536585366,0.687059187
P-0011418-T01-IM5,0.390243902,0.39468525
P-0011439-T01-IM5,0.804878049,0.803398165
P-0011440-T01-IM5,0.731707317,0.830139157
P-0011453-T01-IM5,0,0.004144376
P-0011476-T01-IM5,0.756097561,0.792983782
P-0011499-T01-IM5,0.219512195,0.343440519
P-0011508-T01-IM5,0.609756098,0.560179759
P-0011522-T01-IM5,0.146341463,0.113761599
P-0011523-T01-IM5,0.634146341,0.759214968
P-0011524-T01-IM5,0.487804878,0.540599677
P-0011535-T01-IM5,0.317073171,0.279039898
P-0011538-T01-IM5,0.756097561,0.803144546
P-0011541-T01-IM5,0.463414634,0.597469913
P-0011546-T01-IM5,0.780487805,0.946265314
P-0011552-T01-IM5,0.097560976,0.112278144
P-0011559-T01-IM5,0.048780488,0.031312405
P-0012037-T01-IM5,0.536585366,0.566137384
P-0012040-T01-IM5,0.170731707,0.212038989
P-0012049-T01-IM5,0.536585366,0.594624926
P-0012080-T01-IM5,0.56097561,0.590676952
P-0012102-T01-IM5,0.365853659,0.45275113
P-0012107-T01-IM5,0.292682927,0.329474923
P-0012115-T01-IM5,0.146341463,0.123888893
P-0012133-T01-IM5,0.268292683,0.288847133
P-0012137-T01-IM5,0.12195122,0.157023991
P-0012183-T01-IM5,0.12195122,0.09639174
P-0012188-T01-IM5,0.56097561,0.573838393
P-0012189-T01-IM5,0.390243902,0.501572949
P-0012221-T01-IM5,0.268292683,0.26371635
P-0012249-T01-IM5,0.097560976,0.109175562
P-0012256-T01-IM5,0.195121951,0.158939049
P-0012267-T01-IM5,0.097560976,0.176636261
P-0012279-T01-IM5,0.487804878,0.47220062
P-0012281-T01-IM5,0.707317073,0.704484585
P-0012282-T01-IM5,0.512195122,0.566359844
P-0012315-T01-IM5,0.390243902,0.387916174
P-0012323-T01-IM5,0.195121951,0.231701488
P-0012341-T01-IM5,0.243902439,0.224641888
P-0012361-T01-IM5,0.609756098,0.838115391
P-0012370-T01-IM5,0.219512195,0.225002628
P-0012408-T01-IM5,0.195121951,0.17501055
P-0012420-T01-IM5,0.195121951,0.246065123
P-0012427-T01-IM5,0,0.01000779
P-0012446-T01-IM5,0.292682927,0.281160798
P-0012516-T01-IM5,0.097560976,0.114569945
P-0012519-T01-IM5,0.268292683,0.258539569
P-0012529-T01-IM5,0.780487805,0.772399003
P-0012550-T01-IM5,0.487804878,0.543869193
P-0012551-T01-IM5,0.853658537,0.918855135
P-0012629-T01-IM5,0,0
P-0012678-T01-IM5,0.902439024,0.983110882
P-0012682-T01-IM5,0.170731707,0.168130984
P-0012687-T01-IM5,0.43902439,0.353718852
P-0012706-T01-IM5,0.170731707,0.313367283
P-0012708-T01-IM5,0.317073171,0.296725767
P-0012720-T01-IM5,0.707317073,0.696420232
P-0012728-T01-IM5,0.902439024,0.885697752
P-0012729-T01-IM5,0.268292683,0.22117054
P-0012780-T01-IM5,0.536585366,0.576170717
P-0012783-T01-IM5,0.414634146,0.478378151
P-0012803-T01-IM5,0.731707317,0.86325515
P-0012817-T01-IM5,0.292682927,0.282204402
P-0012822-T01-IM5,0.463414634,0.58801045
P-0012825-T02-IM6,0.634146341,0.73658312
P-0012840-T01-IM5,0.341463415,0.300648933
P-0012846-T01-IM5,0.073170732,0.124300513
P-0012849-T01-IM5,0.634146341,0.686505689
P-0012856-T01-IM5,0.390243902,0.513100561
P-0012860-T01-IM5,0.390243902,0.358690119
P-0012866-T01-IM5,0.658536585,0.78783285
P-0012869-T01-IM5,0.804878049,0.867567294
P-0012870-T03-IM6,0.048780488,0.033593439
P-0012883-T01-IM5,0.268292683,0.25390012
P-0012905-T01-IM5,0.756097561,0.78307574
P-0012908-T01-IM5,0.585365854,0.601553477
P-0012925-T01-IM5,0.585365854,0.694585759
P-0012931-T01-IM5,0.536585366,0.559206379
P-0012966-T01-IM5,0.512195122,0.656214745
P-0012968-T01-IM5,0.170731707,0.24598446
P-0012993-T01-IM5,0.243902439,0.31131051
P-0012999-T01-IM5,0.146341463,0.151104877
P-0013025-T01-IM5,0.463414634,0.517977881
P-0013029-T01-IM5,0.292682927,0.323199798
P-0013035-T01-IM5,0.634146341,0.734480877
P-0013063-T01-IM5,0.292682927,0.372318963
P-0013078-T01-IM5,0.073170732,0.142307193
P-0013087-T01-IM5,0.12195122,0.24518367
P-0013089-T01-IM5,0.146341463,0.203014826
P-0013094-T01-IM5,0.536585366,0.690895596
P-0013096-T01-IM5,0.097560976,0.083548228
P-0013106-T01-IM5,0.43902439,0.555737759
P-0013111-T01-IM5,0.536585366,0.602350784
P-0013147-T01-IM5,0.048780488,0.047175426
P-0013189-T01-IM5,0.170731707,0.240188777
P-0013200-T01-IM5,0.390243902,0.551480453
P-0013204-T01-IM5,0.243902439,0.194856816
P-0013210-T01-IM5,0.731707317,0.917243334
P-0013232-T01-IM5,0.146341463,0.099319114
P-0013233-T01-IM5,0.146341463,0.155992556
P-0013240-T01-IM5,0,0.01138998
P-0013243-T01-IM5,0.243902439,0.275850139
P-0013259-T01-IM5,0.731707317,0.689783376
P-0013274-T01-IM5,0.414634146,0.42469244
P-0013278-T01-IM5,0.609756098,0.749602295
P-0013283-T01-IM5,0.390243902,0.709194555
P-0013294-T01-IM5,0.731707317,0.792624948
P-0013304-T01-IM5,0.707317073,0.767707785
P-0013309-T01-IM5,0.268292683,0.319143008
P-0013313-T01-IM5,0.634146341,0.691137204
P-0013314-T01-IM5,0,0.013168046
P-0013318-T01-IM5,0.195121951,0.16863448
P-0013335-T01-IM5,0.170731707,0.199918203
P-0013343-T01-IM5,0.292682927,0.307122048
P-0013347-T01-IM5,0.097560976,0.123251484
P-0013354-T01-IM5,0.463414634,0.404627095
P-0013360-T01-IM5,0.097560976,0.069679557
P-0013368-T01-IM5,0.219512195,0.281831065
P-0013380-T01-IM5,0.707317073,0.764861329
P-0013383-T01-IM5,0.341463415,0.397086023
P-0013389-T01-IM5,0.56097561,0.580524617
P-0013412-T01-IM5,0.317073171,0.399466237
P-0013413-T01-IM5,0.414634146,0.439738373
P-0013448-T01-IM5,0.195121951,0.183355798
P-0013451-T01-IM5,0.243902439,0.27421803
P-0013462-T01-IM5,0.12195122,0.155077986
P-0013463-T01-IM5,0.073170732,0.039782964
P-0013506-T01-IM5,0.268292683,0.325406746
P-0013525-T01-IM5,0.146341463,0.125427181
P-0013544-T02-IM6,0.512195122,0.496684128
P-0013596-T01-IM5,0.780487805,0.816399958
P-0013603-T01-IM5,0.048780488,0.019877859
P-0013652-T01-IM5,0.12195122,0.125970254
P-0013656-T01-IM5,0.146341463,0.259731783
P-0013659-T01-IM5,0.219512195,0.192731192
P-0013728-T01-IM5,0.512195122,0.566651699
P-0013765-T01-IM5,0.268292683,0.229233745
P-0013814-T01-IM5,0.585365854,0.643328424
P-0013826-T01-IM5,0.512195122,0.441874609
P-0013845-T01-IM5,0.658536585,0.730852101
P-0013854-T01-IM5,0.512195122,0.542259327
P-0013861-T01-IM5,0.146341463,0.150185436
P-0013873-T01-IM5,0.195121951,0.20847707
P-0013892-T01-IM5,0.268292683,0.284460612
P-0013920-T01-IM5,0.195121951,0.276814131
P-0013923-T01-IM5,0.024390244,0.03911166
P-0013938-T01-IM5,0.097560976,0.16906529
P-0013951-T01-IM5,0.658536585,0.950109767
P-0013956-T01-IM5,0.56097561,0.593001698
P-0013967-T01-IM5,0.195121951,0.15547938
P-0014006-T01-IM5,0.341463415,0.360021156
P-0014010-T01-IM5,0.487804878,0.544470368
P-0014015-T01-IM5,0.536585366,0.685720066
P-0014022-T01-IM5,0.243902439,0.278216903
P-0014060-T01-IM5,0.365853659,0.353579381
P-0014064-T01-IM5,0,9.49E-05
P-0014071-T01-IM5,0.390243902,0.498447759
P-0014099-T01-IM5,0.317073171,0.324045436
P-0014118-T01-IM5,0,0.001764924
P-0014124-T01-IM5,0.414634146,0.515988343
P-0014137-T01-IM5,0.097560976,0.122902588
P-0014147-T01-IM5,0.12195122,0.111086313
P-0014148-T01-IM5,0.048780488,0.088035902
P-0014159-T01-IM5,0.341463415,0.431277269
P-0014172-T01-IM5,0.536585366,0.604998843
P-0014182-T01-IM6,0.43902439,0.413328756
P-0014206-T01-IM6,0.146341463,0.188599502
P-0014207-T01-IM6,0,0.021321267
P-0014220-T01-IM6,0.097560976,0.111533741
P-0014229-T01-IM6,0.219512195,0.187103049
P-0014236-T01-IM6,0.390243902,0.36891436
P-0014242-T01-IM6,0.268292683,0.393445596
P-0014269-T01-IM6,0,0.032205087
P-0014323-T01-IM6,0.219512195,0.198738681
P-0014328-T01-IM6,0.609756098,0.649571907
P-0014379-T01-IM6,0,0.021865493
P-0014402-T01-IM6,0.634146341,0.841655119
P-0014418-T01-IM6,0.43902439,0.502880285
P-0014421-T01-IM6,0.536585366,0.578613437
P-0014422-T01-IM6,0.487804878,0.486808541
P-0014449-T01-IM6,0.463414634,0.55805056
P-0014451-T01-IM6,0.780487805,0.78443193
P-0014465-T01-IM6,0.219512195,0.240419165
P-0014470-T01-IM6,0.292682927,0.275693456
P-0014507-T01-IM6,0.414634146,0.519469261
P-0014513-T01-IM6,0.780487805,0.793852526
P-0014529-T01-IM6,0.292682927,0.438109853
P-0014556-T01-IM6,0.804878049,0.813196538
P-0014562-T01-IM6,0.609756098,0.583639724
P-0014565-T01-IM6,0.341463415,0.249620593
P-0014594-T01-IM6,0.048780488,0.079462801
P-0014599-T01-IM6,0.707317073,0.818891704
P-0014600-T01-IM6,0.707317073,0.701280376
P-0014619-T01-IM6,0.12195122,0.126256569
P-0014648-T01-IM6,0.682926829,0.659570958
P-0014666-T01-IM6,0,0.001733374
P-0014677-T01-IM6,0.097560976,0.110761229
P-0014682-T01-IM6,0.024390244,0.013233123
P-0014736-T01-IM6,0.048780488,0.056665912
P-0014772-T01-IM6,0.292682927,0.318202332
P-0014786-T01-IM6,0.682926829,0.712266705
P-0014815-T01-IM6,0.43902439,0.474930116
P-0014818-T01-IM6,0.487804878,0.532027097
P-0014898-T01-IM6,0.390243902,0.431728311
P-0014909-T01-IM6,0.048780488,0.093939207
P-0014910-T01-IM6,0.463414634,0.601913004
P-0014965-T01-IM6,0.073170732,0.117140015
P-0014966-T01-IM6,0.463414634,0.593578185
P-0015007-T01-IM6,0.170731707,0.237677337
P-0015010-T01-IM6,0.292682927,0.287709467
P-0015047-T01-IM6,0.512195122,0.593156091
P-0015067-T01-IM6,0.317073171,0.358959543
P-0015078-T01-IM6,0.804878049,0.965495955
P-0015085-T01-IM6,0.341463415,0.358583716
P-0015122-T01-IM6,0.317073171,0.320910669
P-0015137-T01-IM6,0.487804878,0.634301085
P-0015177-T01-IM6,0.073170732,0.069836542
P-0015182-T01-IM6,0.926829268,0.954719073
P-0015186-T01-IM6,0.12195122,0.163499496
P-0015214-T01-IM6,0.585365854,0.524978272
P-0015222-T01-IM6,0.170731707,0.233754817
P-0015237-T01-IM6,0.585365854,0.632046541
P-0015251-T01-IM6,0.682926829,0.718882882
P-0015257-T01-IM6,0.024390244,0.041399506
P-0015259-T01-IM6,0.341463415,0.420542427
P-0015289-T01-IM6,0.073170732,0.08650183
P-0015296-T01-IM6,0.463414634,0.519051504
P-0015331-T01-IM6,0.658536585,0.759489723
P-0015342-T01-IM6,0.097560976,0.137505344
P-0015344-T01-IM6,0.097560976,0.068823643
P-0015346-T01-IM6,0.487804878,0.452364207
P-0015348-T01-IM6,0.682926829,0.757416741
P-0015369-T01-IM6,0.219512195,0.206605176
P-0015373-T01-IM6,0.463414634,0.427509948
P-0015407-T01-IM6,0.463414634,0.456057244
P-0015415-T01-IM6,0.853658537,0.898304428
P-0015433-T01-IM6,0.43902439,0.518601025
P-0015438-T01-IM6,0.829268293,0.936629224
P-0015445-T01-IM6,0.634146341,0.694412182
P-0015456-T01-IM6,0.341463415,0.304010869
P-0015471-T01-IM6,0.487804878,0.638278142
P-0015501-T01-IM6,0.268292683,0.262694914
P-0015511-T01-IM6,0.902439024,0.928768311
P-0015512-T01-IM6,0.146341463,0.188259938
P-0015521-T01-IM6,0.268292683,0.302337036
P-0015530-T01-IM6,0.609756098,0.596413501
P-0015531-T01-IM6,0.341463415,0.492534044
P-0015556-T01-IM6,0.268292683,0.280426265
P-0015573-T01-IM6,0.268292683,0.305965513
P-0015591-T01-IM6,0.634146341,0.628453529
P-0015593-T01-IM6,0.243902439,0.214229851
P-0015600-T01-IM6,0.853658537,0.831590898
P-0015603-T01-IM6,0.219512195,0.292305956
P-0015612-T01-IM6,0.536585366,0.442959382
P-0015615-T01-IM6,0.195121951,0.325893856
P-0015644-T01-IM6,0.731707317,0.874630283
P-0015648-T01-IM6,0.146341463,0.1174339
P-0015649-T01-IM6,0.195121951,0.210146388
P-0015660-T01-IM6,0.292682927,0.273161546
P-0015661-T01-IM6,0.658536585,0.761903452
P-0015663-T01-IM6,0.463414634,0.522248516
P-0015679-T01-IM6,0.268292683,0.310332925
P-0015697-T01-IM6,0,3.79E-05
P-0015713-T01-IM6,0.390243902,0.595754868
P-0015716-T01-IM6,0.365853659,0.490643332
P-0015717-T01-IM6,0.097560976,0.151948935
P-0015745-T01-IM6,0.097560976,0.120433829
P-0015758-T01-IM6,0,0.002352412
P-0015780-T01-IM6,0.707317073,0.736841045
P-0015785-T01-IM6,0.414634146,0.423608941
P-0015791-T01-IM6,0.634146341,0.678146719
P-0015830-T01-IM6,0.097560976,0.067581123
P-0015851-T01-IM6,0.024390244,0.029240056
P-0015855-T01-IM6,0.097560976,0.097018115
P-0015904-T01-IM6,0.487804878,0.568789798
P-0015905-T01-IM6,0.804878049,0.944484992
P-0015920-T01-IM6,0.536585366,0.69609843
P-0015923-T01-IM6,0.463414634,0.638345967
P-0015928-T01-IM6,0.317073171,0.284080213
P-0015937-T01-IM6,0.585365854,0.613713038
P-0015955-T01-IM6,0.048780488,0.063172597
P-0015965-T01-IM6,0.292682927,0.324865965
P-0015966-T01-IM6,0.097560976,0.15901422
P-0015967-T01-IM6,0.073170732,0.102088601
P-0015977-T01-IM6,0.487804878,0.507394343
P-0015983-T01-IM6,0.243902439,0.247064689
P-0015984-T01-IM6,0.682926829,0.788134888
P-0015987-T01-IM6,0.707317073,0.729291707
P-0015989-T01-IM6,0.56097561,0.516641906
P-0016025-T01-IM6,0,0.002353031
P-0016028-T01-IM6,0.682926829,0.71873475
P-0016033-T01-IM6,0.463414634,0.465465177
P-0016046-T01-IM6,0.414634146,0.503548364
P-0016048-T01-IM6,0.365853659,0.338402933
P-0016062-T01-IM6,0.365853659,0.355966203
P-0016063-T01-IM6,0.902439024,0.991046279
P-0016149-T01-IM6,0.390243902,0.485880988
P-0016174-T01-IM6,0.195121951,0.226697024
P-0016175-T01-IM6,0.390243902,0.419880223
P-0016177-T01-IM6,0.097560976,0.095763
P-0016181-T01-IM6,0.048780488,0.058370964
P-0016185-T01-IM6,0.536585366,0.651928008
P-0016188-T01-IM6,0.634146341,0.764958247
P-0016191-T01-IM6,0.048780488,0.05677012
P-0016197-T01-IM6,0.365853659,0.384685748
P-0016210-T01-IM6,0.634146341,0.776161883
P-0016226-T01-IM6,0.463414634,0.454963314
P-0016233-T01-IM6,0.634146341,0.760351323
P-0016237-T01-IM6,0.43902439,0.462089265
P-0016238-T01-IM6,0.292682927,0.252269829
P-0016240-T01-IM6,0.414634146,0.58843931
P-0016241-T01-IM6,0.609756098,0.770097357
P-0016243-T01-IM6,0.146341463,0.236837392
P-0016256-T01-IM6,0.146341463,0.15998658
P-0016258-T01-IM6,0.512195122,0.529845254
P-0016276-T01-IM6,0.341463415,0.317611391
P-0016284-T01-IM6,0.073170732,0.040028713
P-0016287-T01-IM6,0.243902439,0.326133674
P-0016289-T01-IM6,0.219512195,0.180404538
P-0016290-T01-IM6,0.43902439,0.496963486
P-0016308-T01-IM6,0.073170732,0.09367861
P-0016311-T01-IM6,0.292682927,0.224540915
P-0016314-T01-IM6,0,0.003382597
P-0016316-T01-IM6,0.219512195,0.310547104
P-0016340-T01-IM6,0.536585366,0.575662489
P-0016402-T01-IM6,0,0.00182005
P-0016481-T01-IM6,0.12195122,0.155564367
P-0016506-T01-IM6,0,0
P-0016522-T01-IM6,0.024390244,0.032564444
P-0016531-T01-IM6,0.756097561,0.927517704
P-0016542-T01-IM6,0.390243902,0.426388927
P-0016546-T01-IM6,0.12195122,0.117397637
P-0016558-T01-IM6,0.756097561,0.709461748
P-0016562-T01-IM6,0.243902439,0.27746067
P-0016614-T01-IM6,0.12195122,0.126743921
P-0016618-T01-IM6,0,0.002219129
P-0016624-T01-IM6,0.56097561,0.681635449
P-0016634-T01-IM6,0.43902439,0.709525962
P-0016646-T01-IM6,0.170731707,0.19381678
P-0016648-T01-IM6,0.756097561,0.883428337
P-0016691-T01-IM6,0.219512195,0.196279637
P-0016697-T01-IM6,0.170731707,0.284271297
P-0016720-T01-IM6,0.487804878,0.535309033
P-0016724-T01-IM6,0.073170732,0.066520789
P-0016767-T01-IM6,0.292682927,0.302687321
P-0016775-T01-IM6,0.634146341,0.640513488
P-0016782-T01-IM6,0.073170732,0.066134925
P-0016809-T01-IM6,0.097560976,0.068872341
P-0016835-T01-IM6,0.048780488,0.10891
P-0016855-T01-IM6,0.12195122,0.177937018
P-0016875-T01-IM6,0.170731707,0.213104169
P-0016910-T01-IM6,0.43902439,0.503076132
P-0016915-T01-IM6,0.097560976,0.14508814
P-0016918-T01-IM6,0.219512195,0.230018475
P-0016925-T01-IM6,0.658536585,0.681977812
P-0016931-T01-IM6,0.56097561,0.677197877
P-0017044-T01-IM6,0.731707317,0.774209267
P-0017159-T01-IM6,0.097560976,0.075173994
P-0017208-T01-IM6,0.56097561,0.663266096
P-0017241-T01-IM6,0.268292683,0.326599008
P-0017263-T01-IM6,0.341463415,0.360954812
P-0017276-T01-IM6,0.341463415,0.249185766
P-0017285-T01-IM6,0.585365854,0.584047804
P-0017313-T01-IM6,0.56097561,0.508034423
P-0017370-T01-IM6,0.048780488,0.062483617
P-0017414-T01-IM6,0.219512195,0.277209247
P-0017472-T01-IM6,0.56097561,0.621927943
P-0017508-T01-IM6,0.243902439,0.303899569
P-0017599-T01-IM5,0.487804878,0.60931102
P-0017602-T01-IM5,0.658536585,0.666007318
P-0017658-T01-IM5,0.414634146,0.477804661
P-0017678-T01-IM6,0.195121951,0.151033621
P-0017687-T01-IM6,0.536585366,0.581240901
P-0017697-T01-IM6,0.073170732,0.079770332
P-0017712-T01-IM6,0.12195122,0.096368438
P-0017717-T01-IM6,0.512195122,0.66886174
P-0017755-T01-IM6,0.926829268,0.98331092
P-0017766-T01-IM6,0.195121951,0.179527804
P-0017769-T01-IM6,0.585365854,0.662580033
P-0017986-T01-IM6,0,1.23E-04
P-0018028-T01-IM6,0.609756098,0.696811539
P-0018143-T01-IM6,0.170731707,0.289126195
P-0018185-T01-IM6,0.365853659,0.380316346
P-0018188-T01-IM6,0.756097561,0.83137994
P-0018216-T01-IM6,0.317073171,0.320484365
P-0018229-T01-IM6,0.365853659,0.378506416
P-0018277-T01-IM6,0.219512195,0.243079826
P-0018340-T01-IM6,0.585365854,0.60867777
P-0018341-T01-IM6,0.87804878,0.887967101
P-0018371-T01-IM6,0.170731707,0.263215809
P-0018457-T01-IM6,0.219512195,0.240753321
P-0018464-T01-IM6,0.390243902,0.363694517
P-0018541-T01-IM6,0.365853659,0.329271567
P-0018563-T01-IM6,0.12195122,0.073870315
P-0018568-T01-IM6,0.487804878,0.676501368
P-0018580-T01-IM6,0.43902439,0.484502247
P-0018601-T01-IM6,0.926829268,1
P-0018665-T01-IM6,0.048780488,0.184904073
P-0018671-T01-IM6,0.097560976,0.156280323
P-0018673-T01-IM6,0.585365854,0.734452513
P-0018683-T01-IM6,0.487804878,0.496820764
P-0018771-T02-IM6,0.536585366,0.600963962
P-0018782-T01-IM6,0.243902439,0.419094129
P-0018800-T01-IM6,0.317073171,0.346145818
P-0018925-T01-IM6,0.341463415,0.345326187
P-0018927-T01-IM6,0.512195122,0.526204252
P-0018931-T01-IM6,0.780487805,0.844325738
P-0018960-T01-IM6,0.146341463,0.177791643
P-0018986-T01-IM6,0.365853659,0.35446938
P-0019003-T01-IM6,0.829268293,0.892781671
P-0019012-T01-IM6,0.658536585,0.726334663
P-0019027-T01-IM6,0.56097561,0.748007583
P-0019034-T01-IM6,0,0
P-0019036-T01-IM6,0.512195122,0.563427028
P-0019101-T01-IM6,0.512195122,0.616616339
P-0019226-T01-IM6,0.414634146,0.423819804
P-0019240-T01-IM6,0.707317073,0.821703081
P-0019258-T01-IM6,0.268292683,0.297445688
P-0019267-T01-IM6,0.43902439,0.405282201
P-0019271-T01-IM6,0.292682927,0.291338465
P-0019272-T01-IM6,0.487804878,0.582501304
P-0019297-T01-IM6,0.292682927,0.291242959
P-0019316-T01-IM6,0.341463415,0.461342
P-0019351-T01-IM6,0.048780488,0.028926162
P-0019407-T01-IM6,0.707317073,0.736393926
P-0019413-T01-IM6,0.317073171,0.274539031
P-0019417-T01-IM6,0.43902439,0.585795469
P-0019428-T01-IM6,0.048780488,0.056510137
P-0019475-T01-IM6,0.048780488,0.047863813
P-0019540-T01-IM6,0.756097561,0.726429308
P-0019648-T01-IM6,0,3.12E-04
P-0019657-T01-IM6,0.268292683,0.293746672
P-0019691-T01-IM6,0.56097561,0.685317628
P-0019710-T01-IM6,0,0
P-0019717-T01-IM6,0.048780488,0.04188605
P-0019754-T01-IM6,0.487804878,0.559478566
P-0019771-T01-IM6,0.365853659,0.518885812
P-0019916-T01-IM6,0.341463415,0.346185213
P-0019949-T01-IM6,0,2.13E-06
P-0020040-T01-IM6,0.707317073,0.764933011
P-0020047-T01-IM6,0.463414634,0.534175047
P-0020065-T01-IM6,0,0.043042531
P-0020086-T01-IM6,0.43902439,0.622640251
P-0020109-T01-IM6,0.609756098,0.734067485
P-0020113-T01-IM6,0.219512195,0.251409439
P-0020121-T01-IM6,0.536585366,0.521083889
P-0020122-T01-IM6,0.682926829,0.806306525
P-0020140-T02-IM6,0,0.004495272
P-0020146-T01-IM6,0.268292683,0.357350058
P-0020147-T01-IM6,0.292682927,0.345660927
P-0020156-T01-IM6,0.56097561,0.599707231
P-0020167-T01-IM6,0.195121951,0.357619112
P-0020169-T01-IM6,0.341463415,0.413975717
P-0020175-T01-IM6,0.195121951,0.201323666
P-0020226-T01-IM6,0.341463415,0.337176452
P-0020252-T01-IM6,0.048780488,0.051534459
P-0020399-T01-IM6,0.024390244,0.015805195
P-0020422-T01-IM6,0.170731707,0.236153776
P-0020489-T01-IM6,0.219512195,0.199888264
P-0020542-T01-IM6,0.56097561,0.620983992
P-0020591-T01-IM6,0.56097561,0.685475608
P-0020592-T01-IM6,0.463414634,0.504298365
P-0020594-T01-IM6,0.658536585,0.729340034
P-0020649-T01-IM6,0.414634146,0.485037166
P-0020714-T01-IM6,0.365853659,0.594960268
P-0020770-T01-IM6,0.463414634,0.463665058
P-0020835-T01-IM6,0.048780488,0.02127764
P-0020846-T01-IM6,0,0.001421248
P-0020878-T01-IM6,0.146341463,0.110463086
P-0020903-T01-IM6,0.219512195,0.293290217
P-0020965-T01-IM6,0.146341463,0.170026144
P-0020986-T01-IM6,0.609756098,0.695078514
P-0020995-T01-IM6,0.365853659,0.334047115
P-0021004-T01-IM6,0.536585366,0.766963327
P-0021255-T01-IM6,0.609756098,0.728651737
P-0021266-T01-IM6,0.585365854,0.558515542
P-0021304-T01-IM6,0.219512195,0.165559617
P-0021403-T01-IM6,0.43902439,0.609627449
P-0021454-T01-IM6,0.512195122,0.665421174
P-0021471-T01-IM6,0.463414634,0.672575996
P-0021474-T01-IM6,0.512195122,0.617745889
P-0021484-T01-IM6,0.512195122,0.6221355
P-0021503-T01-IM6,0.390243902,0.719387317
P-0021507-T01-IM6,0.609756098,0.635995443
P-0021528-T01-IM6,0.56097561,0.642365716
P-0021532-T01-IM6,0.512195122,0.606647539
P-0021621-T01-IM6,0.170731707,0.277527
P-0021622-T01-IM6,0.512195122,0.520880251
P-0021644-T01-IM6,0,0.003950123
P-0021651-T01-IM6,0.585365854,0.755001407
P-0021756-T01-IM6,0.390243902,0.421148685
P-0021774-T01-IM6,0.682926829,0.731944087
P-0021834-T01-IM6,0.365853659,0.426524945
P-0021841-T01-IM6,0.146341463,0.271061296
P-0021848-T01-IM6,0.634146341,0.639377151
P-0021911-T01-IM6,0.414634146,0.451386531
P-0021915-T01-IM6,0.195121951,0.241537391
P-0021993-T01-IM6,0.56097561,0.730578585
P-0022001-T01-IM6,0.12195122,0.237524878
P-0022034-T01-IM6,0.317073171,0.337546617
P-0022068-T01-IM6,0.634146341,0.586934594
P-0022154-T01-IM6,0.536585366,0.571518549
P-0022441-T01-IM6,0.341463415,0.369133606
P-0022502-T01-IM6,0.268292683,0.296341086
P-0022510-T01-IM6,0.463414634,0.51178291
P-0022520-T01-IM6,0.048780488,0.037575671
P-0022543-T01-IM6,0.243902439,0.320150674
P-0022688-T01-IM6,0.414634146,0.48357195
P-0022703-T01-IM6,0.073170732,0.076595088
P-0022788-T01-IM6,0.658536585,0.823144177
P-0022847-T01-IM6,0.634146341,0.738657896
P-0022952-T01-IM6,0.219512195,0.285530463
P-0022977-T01-IM6,0.024390244,0.059154539
P-0022995-T01-IM6,0.512195122,0.623562444
P-0023015-T01-IM6,0.195121951,0.284815605
P-0023086-T01-IM6,0.390243902,0.403529517
P-0023128-T01-IM6,0.292682927,0.343308012
P-0023138-T01-IM6,0.365853659,0.441703852
P-0023194-T01-IM6,0.146341463,0.166520079
P-0023425-T01-IM6,0.658536585,0.766896655
P-0023450-T01-IM6,0.390243902,0.313134378
P-0023553-T01-IM6,0.585365854,0.539624496
P-0023557-T01-IM6,0.073170732,0.149391747
P-0023603-T01-IM6,0.585365854,0.638007604
P-0023627-T01-IM6,0.292682927,0.413603049
P-0023731-T01-IM6,0.780487805,0.783768973
P-0023749-T01-IM6,0.341463415,0.427249878
P-0023785-T01-IM6,0.536585366,0.635631201
P-0023790-T01-IM6,0.609756098,0.589413547
P-0023896-T01-IM6,0.243902439,0.186868761
P-0023948-T01-IM6,0.219512195,0.254079211
P-0023963-T01-IM6,0.195121951,0.2747963
P-0023966-T01-IM6,0.56097561,0.648040958
P-0024054-T01-IM6,0.219512195,0.18101038
P-0024068-T01-IM6,0.951219512,0.934937756
P-0024084-T01-IM6,0.048780488,0.033144421
P-0024205-T01-IM6,0.487804878,0.47987536
P-0024243-T01-IM6,0.219512195,0.295682453
P-0024263-T01-IM6,0.268292683,0.251327338
P-0024270-T01-IM6,0.12195122,0.107332578
P-0024386-T01-IM6,0.268292683,0.338151658
P-0024419-T01-IM6,0.073170732,0.069315634
P-0024527-T01-IM6,0.12195122,0.122616003
P-0024530-T01-IM6,0.170731707,0.169920574
P-0024544-T01-IM6,0.43902439,0.591690905
P-0024576-T01-IM6,0.097560976,0.104033623
P-0024753-T01-IM6,0.024390244,0.029552192
P-0024795-T01-IM6,0.195121951,0.217169118
P-0024824-T01-IM6,0.414634146,0.47539502
P-0024827-T01-IM6,0.024390244,0.043986489
P-0024866-T01-IM6,0.219512195,0.292174036
P-0025079-T01-IM6,0.219512195,0.2098337
P-0025115-T01-IM6,0.414634146,0.372044336
P-0025120-T01-IM6,0.292682927,0.265214358
P-0025146-T01-IM6,0.317073171,0.420176188
P-0025174-T01-IM6,0.414634146,0.773713375
P-0025224-T01-IM6,0.536585366,0.628903535
P-0025313-T01-IM6,0.195121951,0.199101069
P-0025373-T01-IM6,0.073170732,0.082211797
P-0025394-T01-IM6,0.292682927,0.337944602
P-0025471-T01-IM6,0.390243902,0.415498575
P-0025532-T01-IM6,0.12195122,0.101126474
P-0025544-T01-IM6,0.487804878,0.421702455
P-0025720-T01-IM6,0.146341463,0.216229438
P-0025766-T01-IM6,0,0.001513268
P-0025827-T01-IM6,0.292682927,0.255157198
P-0025888-T01-IM6,0.146341463,0.139050817
P-0026063-T01-IM6,0.341463415,0.268589407
P-0026114-T01-IM6,0.658536585,0.873957378
P-0026160-T01-IM6,0.146341463,0.176490534
P-0026250-T01-IM6,0.512195122,0.49586953
P-0026282-T01-IM6,0.292682927,0.344540926
P-0026298-T01-IM6,0.414634146,0.493149628
P-0026350-T01-IM6,0.512195122,0.694796429
P-0026723-T01-IM6,0.390243902,0.273938382
P-0026892-T01-IM6,0.414634146,0.434204316
P-0026970-T01-IM6,0.634146341,0.722506132
P-0027031-T01-IM6,0.170731707,0.234582324
P-0027041-T01-IM6,0.146341463,0.165212714
P-0027346-T01-IM6,0.243902439,0.316326626